,popv_celltypist_prediction,popv_knn_on_bbknn_prediction,popv_knn_on_scanorama_prediction,popv_knn_on_scvi_prediction,popv_onclass_prediction,popv_rf_prediction,popv_scanvi_prediction,popv_svm_prediction,popv_prediction,popv_prediction_score,popv_majority_vote_prediction,popv_majority_vote_score
TST01_TGTGGTAAGTGTCTCA-skin,neutrophil,classical monocyte,classical monocyte,"CD4-positive, alpha-beta T cell",intermediate monocyte,neutrophil,"CD4-positive, alpha-beta T cell",intermediate monocyte,"CD4-positive, alpha-beta T cell",2,"CD4-positive, alpha-beta T cell",2
NST01_CACACCTCAGATCTGT-skin,neutrophil,classical monocyte,classical monocyte,macrophage,classical monocyte,neutrophil,capillary endothelial cell,"CD8-positive, alpha-beta T cell",classical monocyte,3,classical monocyte,3
NST01_TGGCTGGAGCCGGTAA-skin,neutrophil,classical monocyte,capillary endothelial cell,macrophage,dendritic cell,classical monocyte,capillary endothelial cell,dendritic cell,capillary endothelial cell,2,capillary endothelial cell,2
NST01_TTCTCAAGTTATCGGT-skin,neutrophil,classical monocyte,capillary endothelial cell,macrophage,non-classical monocyte,neutrophil,capillary endothelial cell,intermediate monocyte,capillary endothelial cell,2,capillary endothelial cell,2
NST01_CCCAGTTAGCTCCTCT-skin,neutrophil,classical monocyte,capillary endothelial cell,macrophage,non-classical monocyte,neutrophil,capillary endothelial cell,fibroblast,capillary endothelial cell,2,capillary endothelial cell,2
NST01_CGGAGTCCAGTCTTCC-skin,neutrophil,classical monocyte,classical monocyte,classical monocyte,classical monocyte,classical monocyte,"CD4-positive, alpha-beta T cell",non-classical monocyte,classical monocyte,5,classical monocyte,5
NST01_AACTGGTTCGAGGTAG-skin,neutrophil,classical monocyte,"CD4-positive, alpha-beta T cell",macrophage,classical monocyte,neutrophil,capillary endothelial cell,dendritic cell,neutrophil,2,classical monocyte,2
NST01_AAACCTGCACTATCTT-skin,neutrophil,neutrophil,capillary endothelial cell,type II pneumocyte,intermediate monocyte,classical monocyte,capillary endothelial cell,dendritic cell,capillary endothelial cell,2,capillary endothelial cell,2
NST01_CCGGTAGGTGGTAACG-skin,neutrophil,classical monocyte,classical monocyte,non-classical monocyte,classical monocyte,classical monocyte,"CD4-positive, alpha-beta T cell",vein endothelial cell,classical monocyte,4,classical monocyte,4
NST01_ACGATGTCAGTTCATG-skin,neutrophil,classical monocyte,capillary endothelial cell,non-classical monocyte,dendritic cell,classical monocyte,"CD4-positive, alpha-beta T cell",dendritic cell,dendritic cell,2,classical monocyte,2
NST01_TACGGGCAGCTAGTGG-skin,neutrophil,classical monocyte,capillary endothelial cell,dendritic cell,dendritic cell,neutrophil,club cell,basal cell,neutrophil,2,dendritic cell,2
NST01_AGTGGGATCGCGTTTC-skin,neutrophil,classical monocyte,"CD4-positive, alpha-beta T cell",non-classical monocyte,classical monocyte,classical monocyte,"CD4-positive, alpha-beta T cell",non-classical monocyte,classical monocyte,3,classical monocyte,3
NST01_TACGGTAAGTGTGAAT-skin,neutrophil,classical monocyte,club cell,lung ciliated cell,"CD4-positive, alpha-beta T cell",classical monocyte,plasma cell,dendritic cell,classical monocyte,2,classical monocyte,2
NST01_CGATCGGAGGCTAGAC-skin,neutrophil,classical monocyte,classical monocyte,non-classical monocyte,classical monocyte,classical monocyte,"CD4-positive, alpha-beta T cell",dendritic cell,classical monocyte,4,classical monocyte,4
NST01_TCATTACTCAAGGCTT-skin,neutrophil,classical monocyte,capillary endothelial cell,dendritic cell,classical monocyte,classical monocyte,club cell,dendritic cell,classical monocyte,3,classical monocyte,3
NST01_CGACTTCAGTGTCCAT-skin,neutrophil,classical monocyte,capillary endothelial cell,macrophage,non-classical monocyte,classical monocyte,capillary endothelial cell,non-classical monocyte,capillary endothelial cell,2,capillary endothelial cell,2
NST01_TGGCCAGGTACAGACG-skin,neutrophil,classical monocyte,classical monocyte,classical monocyte,dendritic cell,classical monocyte,"CD4-positive, alpha-beta T cell",dendritic cell,classical monocyte,4,classical monocyte,4
NST01_CTCTAATAGCTTTGGT-skin,neutrophil,classical monocyte,capillary endothelial cell,plasma cell,dendritic cell,classical monocyte,plasma cell,dendritic cell,plasma cell,2,classical monocyte,2
NST01_AGAGCGACATTACCTT-skin,neutrophil,neutrophil,"CD4-positive, alpha-beta T cell",type II pneumocyte,classical monocyte,classical monocyte,type II pneumocyte,non-classical monocyte,neutrophil,2,classical monocyte,2
NST01_CACATTTTCGTAGGAG-skin,neutrophil,neutrophil,capillary endothelial cell,macrophage,classical monocyte,classical monocyte,capillary endothelial cell,dendritic cell,capillary endothelial cell,2,capillary endothelial cell,2
NST01_TGAGCATGTCCTAGCG-skin,neutrophil,classical monocyte,capillary endothelial cell,macrophage,non-classical monocyte,neutrophil,capillary endothelial cell,non-classical monocyte,capillary endothelial cell,2,capillary endothelial cell,2
NST01_CTCTACGTCGTTACAG-skin,neutrophil,classical monocyte,capillary endothelial cell,macrophage,classical monocyte,classical monocyte,capillary endothelial cell,"CD4-positive, alpha-beta T cell",classical monocyte,3,classical monocyte,3
NST01_GCAGTTATCGCTTGTC-skin,neutrophil,classical monocyte,classical monocyte,lung ciliated cell,non-classical monocyte,classical monocyte,capillary endothelial cell,classical monocyte,classical monocyte,4,classical monocyte,4
TST01_GTGCTTCGTCTCATCC-skin,dendritic cell,macrophage,macrophage,basal cell,non-classical monocyte,neutrophil,endothelial cell of lymphatic vessel,non-classical monocyte,non-classical monocyte,2,macrophage,2
TST01_GCGGGTTCAGCTCCGA-skin,dendritic cell,neutrophil,basal cell,plasma cell,dendritic cell,neutrophil,plasma cell,dendritic cell,dendritic cell,3,dendritic cell,3
TST01_AGCGTATGTGAGGCTA-skin,dendritic cell,macrophage,macrophage,macrophage,non-classical monocyte,neutrophil,capillary endothelial cell,non-classical monocyte,macrophage,3,macrophage,3
TST01_CAGAATCAGTCCATAC-skin,dendritic cell,macrophage,macrophage,macrophage,classical monocyte,neutrophil,capillary endothelial cell,non-classical monocyte,macrophage,3,macrophage,3
TST01_TCGAGGCCATCACGTA-skin,dendritic cell,macrophage,macrophage,lung ciliated cell,non-classical monocyte,neutrophil,capillary endothelial cell,non-classical monocyte,non-classical monocyte,2,macrophage,2
TST01_ATTGGTGCAAGGGTCA-skin,dendritic cell,neutrophil,macrophage,plasma cell,classical monocyte,neutrophil,plasma cell,"CD4-positive, alpha-beta T cell",plasma cell,2,neutrophil,2
TST01_CACACAAGTACCGCTG-skin,dendritic cell,macrophage,macrophage,macrophage,"CD4-positive, alpha-beta T cell",dendritic cell,capillary endothelial cell,dendritic cell,dendritic cell,3,dendritic cell,3
TST01_TAGAGCTCACGGCTAC-skin,dendritic cell,capillary endothelial cell,basal cell,type II pneumocyte,classical monocyte,neutrophil,club cell,mature NK T cell,mature NK T cell,1,basal cell,1
NST01_TGCGTGGCATTTCAGG-skin,neutrophil,classical monocyte,capillary endothelial cell,classical monocyte,dendritic cell,classical monocyte,"CD4-positive, alpha-beta T cell",dendritic cell,classical monocyte,3,classical monocyte,3
TST01_AAACCTGCACTATCTT-skin,dendritic cell,capillary endothelial cell,basal cell,lung microvascular endothelial cell,classical monocyte,neutrophil,club cell,vein endothelial cell,capillary endothelial cell,1,basal cell,1
TST01_TACGGTAAGTGTGAAT-skin,dendritic cell,capillary endothelial cell,basal cell,basal cell,classical monocyte,fibroblast,basal cell,dendritic cell,basal cell,3,basal cell,3
NST01_AGCGTATGTGAGGCTA-skin,neutrophil,classical monocyte,capillary endothelial cell,macrophage,non-classical monocyte,classical monocyte,capillary endothelial cell,non-classical monocyte,capillary endothelial cell,2,capillary endothelial cell,2
NST01_ACAGCTAGTCCGACGT-skin,neutrophil,classical monocyte,classical monocyte,non-classical monocyte,classical monocyte,classical monocyte,classical monocyte,basal cell,classical monocyte,5,classical monocyte,5
NST01_TCGAGGCTCTTGGGTA-skin,neutrophil,classical monocyte,capillary endothelial cell,macrophage,dendritic cell,classical monocyte,capillary endothelial cell,"CD8-positive, alpha-beta T cell",capillary endothelial cell,2,capillary endothelial cell,2
NST01_CTAGCCTCATCAGTCA-skin,neutrophil,classical monocyte,capillary endothelial cell,macrophage,dendritic cell,classical monocyte,capillary endothelial cell,dendritic cell,capillary endothelial cell,2,capillary endothelial cell,2
NST01_GGGTTGCTCTGGTGTA-skin,neutrophil,classical monocyte,classical monocyte,classical monocyte,classical monocyte,classical monocyte,"CD4-positive, alpha-beta T cell",classical monocyte,classical monocyte,6,classical monocyte,6
NST01_CACACAAGTCTCATCC-skin,neutrophil,classical monocyte,capillary endothelial cell,classical monocyte,classical monocyte,classical monocyte,classical monocyte,non-classical monocyte,classical monocyte,5,classical monocyte,5
NST01_CGGTTAAGTAAAGGAG-skin,neutrophil,classical monocyte,classical monocyte,macrophage,classical monocyte,neutrophil,capillary endothelial cell,fibroblast,classical monocyte,3,classical monocyte,3
TST01_CACATTTTCGTAGGAG-skin,dendritic cell,capillary endothelial cell,basal cell,plasma cell,classical monocyte,"CD8-positive, alpha-beta T cell",plasma cell,dendritic cell,plasma cell,2,dendritic cell,2
NST01_GGCTGGTGTATGAATG-skin,neutrophil,classical monocyte,capillary endothelial cell,plasma cell,dendritic cell,classical monocyte,plasma cell,B cell,plasma cell,2,classical monocyte,2
NST01_GCATACAGTAAACACA-skin,neutrophil,classical monocyte,capillary endothelial cell,macrophage,classical monocyte,neutrophil,capillary endothelial cell,intermediate monocyte,capillary endothelial cell,2,capillary endothelial cell,2
NST01_CTCGTACTCGGATGGA-skin,neutrophil,classical monocyte,club cell,macrophage,classical monocyte,classical monocyte,capillary endothelial cell,fibroblast,classical monocyte,3,classical monocyte,3
CST01_CAACTAGTCGATGAGG-skin,neutrophil,classical monocyte,capillary endothelial cell,macrophage,non-classical monocyte,classical monocyte,capillary endothelial cell,classical monocyte,classical monocyte,3,classical monocyte,3
CST01_AACCATGTCTGCGGCA-skin,neutrophil,classical monocyte,capillary endothelial cell,macrophage,"CD4-positive, alpha-beta T cell",classical monocyte,capillary endothelial cell,non-classical monocyte,capillary endothelial cell,2,capillary endothelial cell,2
CST01_GACCTGGGTTGCGTTA-skin,neutrophil,macrophage,classical monocyte,macrophage,macrophage,classical monocyte,capillary endothelial cell,vein endothelial cell,macrophage,3,macrophage,3
CST01_TCAGATGTCGGCGCAT-skin,neutrophil,classical monocyte,capillary endothelial cell,B cell,non-classical monocyte,classical monocyte,lung microvascular endothelial cell,non-classical monocyte,non-classical monocyte,2,classical monocyte,2
CST01_CCTTCGATCTTACCGC-skin,neutrophil,classical monocyte,capillary endothelial cell,macrophage,non-classical monocyte,classical monocyte,capillary endothelial cell,non-classical monocyte,capillary endothelial cell,2,capillary endothelial cell,2
CST01_CTCGGAGGTCCCTACT-skin,neutrophil,classical monocyte,capillary endothelial cell,macrophage,non-classical monocyte,classical monocyte,capillary endothelial cell,non-classical monocyte,capillary endothelial cell,2,capillary endothelial cell,2
CST01_TGCCCATAGCTGAACG-skin,neutrophil,classical monocyte,capillary endothelial cell,macrophage,classical monocyte,classical monocyte,capillary endothelial cell,dendritic cell,classical monocyte,3,classical monocyte,3
CST01_GCGGGTTCAGCTCCGA-skin,neutrophil,classical monocyte,capillary endothelial cell,macrophage,non-classical monocyte,classical monocyte,capillary endothelial cell,non-classical monocyte,capillary endothelial cell,2,capillary endothelial cell,2
CST01_GTTCGGGCAAGCGATG-skin,neutrophil,classical monocyte,capillary endothelial cell,type II pneumocyte,classical monocyte,classical monocyte,type II pneumocyte,dendritic cell,classical monocyte,3,classical monocyte,3
CST01_CAGAATCAGTCCATAC-skin,neutrophil,classical monocyte,classical monocyte,macrophage,classical monocyte,neutrophil,capillary endothelial cell,non-classical monocyte,classical monocyte,3,classical monocyte,3
CST01_TTTGTCACACATTCGA-skin,neutrophil,classical monocyte,capillary endothelial cell,macrophage,B cell,classical monocyte,capillary endothelial cell,vein endothelial cell,capillary endothelial cell,2,capillary endothelial cell,2
CST01_CACACAAGTACCGCTG-skin,neutrophil,neutrophil,capillary endothelial cell,macrophage,"CD4-positive, alpha-beta T cell",classical monocyte,capillary endothelial cell,intermediate monocyte,capillary endothelial cell,2,capillary endothelial cell,2
CST01_TCGAGGCCATCACGTA-skin,neutrophil,neutrophil,capillary endothelial cell,macrophage,classical monocyte,classical monocyte,capillary endothelial cell,mature NK T cell,capillary endothelial cell,2,capillary endothelial cell,2
CST01_TAGAGCTCACGGCTAC-skin,neutrophil,neutrophil,capillary endothelial cell,type II pneumocyte,"CD4-positive, alpha-beta T cell",classical monocyte,club cell,mature NK T cell,neutrophil,2,neutrophil,2
CST01_CACATTTTCGTAGGAG-skin,neutrophil,neutrophil,capillary endothelial cell,macrophage,classical monocyte,classical monocyte,capillary endothelial cell,dendritic cell,capillary endothelial cell,2,capillary endothelial cell,2
CST01_AAACCTGCACTATCTT-skin,neutrophil,neutrophil,capillary endothelial cell,type II pneumocyte,"CD4-positive, alpha-beta T cell",classical monocyte,capillary endothelial cell,dendritic cell,capillary endothelial cell,2,capillary endothelial cell,2
CST01_TACGGTAAGTGTGAAT-skin,neutrophil,neutrophil,capillary endothelial cell,plasma cell,classical monocyte,classical monocyte,plasma cell,dendritic cell,plasma cell,2,classical monocyte,2
TST01_TAGGCATTCAGTGCAT-skin,neutrophil,classical monocyte,capillary endothelial cell,B cell,dendritic cell,classical monocyte,macrophage,dendritic cell,dendritic cell,2,classical monocyte,2
CST01_ATTGGTGCAAGGGTCA-skin,neutrophil,neutrophil,capillary endothelial cell,macrophage,non-classical monocyte,classical monocyte,capillary endothelial cell,non-classical monocyte,capillary endothelial cell,2,capillary endothelial cell,2
CST01_TGCGTGGCATGGGACA-skin,neutrophil,classical monocyte,capillary endothelial cell,lung ciliated cell,non-classical monocyte,classical monocyte,plasma cell,non-classical monocyte,non-classical monocyte,2,classical monocyte,2
CST01_TCCCGATTCGAATGGG-skin,neutrophil,classical monocyte,capillary endothelial cell,plasma cell,non-classical monocyte,classical monocyte,plasma cell,non-classical monocyte,plasma cell,2,classical monocyte,2
CST01_CTGTTTAAGAAGGACA-skin,neutrophil,classical monocyte,capillary endothelial cell,plasma cell,classical monocyte,classical monocyte,plasma cell,fibroblast,classical monocyte,3,classical monocyte,3
NST01_TCAGATGTCTTACCTA-skin,neutrophil,classical monocyte,capillary endothelial cell,basal cell,basal cell,classical monocyte,endothelial cell of lymphatic vessel,basal cell,basal cell,3,basal cell,3
NST01_AGCAGCCGTCTTCGTC-skin,neutrophil,classical monocyte,capillary endothelial cell,macrophage,classical monocyte,classical monocyte,capillary endothelial cell,dendritic cell,classical monocyte,3,classical monocyte,3
NST01_ACGGAGATCTACTTAC-skin,neutrophil,neutrophil,classical monocyte,lung ciliated cell,non-classical monocyte,classical monocyte,capillary endothelial cell,non-classical monocyte,neutrophil,2,classical monocyte,2
NST01_GACGGCTCATTTCACT-skin,neutrophil,classical monocyte,capillary endothelial cell,plasma cell,classical monocyte,classical monocyte,plasma cell,vein endothelial cell,classical monocyte,3,classical monocyte,3
NST01_ATGCGATTCTTAACCT-skin,neutrophil,classical monocyte,capillary endothelial cell,non-classical monocyte,classical monocyte,classical monocyte,"CD4-positive, alpha-beta T cell",basal cell,classical monocyte,3,classical monocyte,3
NST01_TGGCCAGCAGGTCCAC-skin,neutrophil,neutrophil,capillary endothelial cell,plasma cell,dendritic cell,classical monocyte,plasma cell,vein endothelial cell,plasma cell,2,neutrophil,2
NST01_GCTGCGAGTACGCTGC-skin,neutrophil,classical monocyte,capillary endothelial cell,lung microvascular endothelial cell,B cell,neutrophil,club cell,dendritic cell,neutrophil,2,neutrophil,2
NST01_CTAATGGGTGTTTGGT-skin,neutrophil,neutrophil,capillary endothelial cell,lung ciliated cell,classical monocyte,neutrophil,club cell,dendritic cell,neutrophil,3,neutrophil,3
NST01_CCGTACTTCCGTTGCT-skin,neutrophil,classical monocyte,capillary endothelial cell,plasma cell,dendritic cell,classical monocyte,plasma cell,dendritic cell,plasma cell,2,classical monocyte,2
NST01_CTTACCGCATTCCTGC-skin,neutrophil,classical monocyte,basal cell,plasma cell,classical monocyte,classical monocyte,plasma cell,dendritic cell,classical monocyte,3,classical monocyte,3
NST01_CTACACCTCTGCCCTA-skin,neutrophil,classical monocyte,capillary endothelial cell,plasma cell,endothelial cell of lymphatic vessel,capillary endothelial cell,plasma cell,dendritic cell,capillary endothelial cell,2,capillary endothelial cell,2
NST01_GTACTTTAGCAACGGT-skin,neutrophil,classical monocyte,capillary endothelial cell,basal cell,classical monocyte,neutrophil,endothelial cell of lymphatic vessel,non-classical monocyte,neutrophil,2,classical monocyte,2
NST01_GTGCAGCTCAAGGTAA-skin,neutrophil,neutrophil,classical monocyte,dendritic cell,dendritic cell,neutrophil,club cell,vein endothelial cell,neutrophil,3,neutrophil,3
NST01_GTCACAATCATTATCC-skin,neutrophil,neutrophil,capillary endothelial cell,plasma cell,classical monocyte,"CD4-positive, alpha-beta T cell",plasma cell,dendritic cell,plasma cell,2,neutrophil,2
NST01_CCATGTCAGCCAGTTT-skin,dendritic cell,macrophage,club cell,plasma cell,classical monocyte,neutrophil,plasma cell,non-classical monocyte,plasma cell,2,plasma cell,2
NST01_GAAACTCGTGTTAAGA-skin,dendritic cell,neutrophil,basal cell,plasma cell,dendritic cell,classical monocyte,plasma cell,dendritic cell,dendritic cell,3,dendritic cell,3
NST01_TTTGTCACACATTCGA-skin,dendritic cell,neutrophil,basal cell,macrophage,classical monocyte,"CD8-positive, alpha-beta T cell",type II pneumocyte,dendritic cell,dendritic cell,2,dendritic cell,2
CST01_GATCAGTTCAAACCGT-skin,neutrophil,classical monocyte,capillary endothelial cell,macrophage,intermediate monocyte,classical monocyte,capillary endothelial cell,dendritic cell,capillary endothelial cell,2,capillary endothelial cell,2
CST01_CGATCGGAGAGGGATA-skin,neutrophil,classical monocyte,capillary endothelial cell,macrophage,"CD4-positive, alpha-beta T cell",classical monocyte,capillary endothelial cell,"CD4-positive, alpha-beta T cell","CD4-positive, alpha-beta T cell",2,"CD4-positive, alpha-beta T cell",2
TST01_TCGAGGCTCTTGGGTA-skin,dendritic cell,capillary endothelial cell,basal cell,plasma cell,classical monocyte,neutrophil,plasma cell,mature NK T cell,plasma cell,2,plasma cell,2
TST01_ATCATCTCATCACGTA-skin,dendritic cell,macrophage,club cell,macrophage,non-classical monocyte,neutrophil,capillary endothelial cell,non-classical monocyte,non-classical monocyte,2,macrophage,2
CST01_CATCGGGCACTCTGTC-skin,neutrophil,classical monocyte,capillary endothelial cell,macrophage,classical monocyte,classical monocyte,capillary endothelial cell,vein endothelial cell,classical monocyte,3,classical monocyte,3
TST01_AGTGTCACACCTATCC-skin,dendritic cell,macrophage,classical monocyte,plasma cell,classical monocyte,neutrophil,plasma cell,intermediate monocyte,plasma cell,2,classical monocyte,2
TST01_AACGTTGAGTCCGTAT-skin,neutrophil,neutrophil,classical monocyte,plasma cell,non-classical monocyte,neutrophil,plasma cell,non-classical monocyte,neutrophil,3,neutrophil,3
TST01_AGATTGCTCGGTTCGG-skin,neutrophil,neutrophil,classical monocyte,intermediate monocyte,classical monocyte,basophil,macrophage,dendritic cell,neutrophil,2,classical monocyte,2
TST01_GATCTAGCAATGAATG-skin,neutrophil,classical monocyte,capillary endothelial cell,macrophage,non-classical monocyte,neutrophil,capillary endothelial cell,vein endothelial cell,capillary endothelial cell,2,capillary endothelial cell,2
TST01_TGACAACCACTCGACG-skin,neutrophil,classical monocyte,capillary endothelial cell,plasma cell,B cell,classical monocyte,plasma cell,vein endothelial cell,plasma cell,2,classical monocyte,2
TST01_AACCGCGCACATGTGT-skin,neutrophil,neutrophil,capillary endothelial cell,macrophage,classical monocyte,classical monocyte,capillary endothelial cell,vein endothelial cell,capillary endothelial cell,2,capillary endothelial cell,2
TST01_CGGTTAATCAGCTTAG-skin,neutrophil,classical monocyte,classical monocyte,non-classical monocyte,classical monocyte,neutrophil,"CD4-positive, alpha-beta T cell",dendritic cell,classical monocyte,3,classical monocyte,3
TST01_GACTGCGAGATCGGGT-skin,neutrophil,classical monocyte,capillary endothelial cell,dendritic cell,dendritic cell,classical monocyte,club cell,mature NK T cell,dendritic cell,2,classical monocyte,2
TST01_CCTACCATCGCTGATA-skin,neutrophil,neutrophil,classical monocyte,lung ciliated cell,classical monocyte,classical monocyte,capillary endothelial cell,non-classical monocyte,classical monocyte,3,classical monocyte,3
TST01_ACACCAATCAAAGTAG-skin,neutrophil,classical monocyte,classical monocyte,macrophage,classical monocyte,neutrophil,capillary endothelial cell,"CD4-positive, alpha-beta T cell",classical monocyte,3,classical monocyte,3
TST01_GAAGCAGCATTGGGCC-skin,neutrophil,neutrophil,capillary endothelial cell,plasma cell,macrophage,classical monocyte,plasma cell,vein endothelial cell,plasma cell,2,neutrophil,2
TST01_GTCAAGTGTTCAGCGC-skin,neutrophil,neutrophil,club cell,club cell,dendritic cell,neutrophil,club cell,non-classical monocyte,neutrophil,3,club cell,3
TST01_GTTTCTAAGACAATAC-skin,neutrophil,neutrophil,club cell,plasma cell,classical monocyte,neutrophil,plasma cell,B cell,neutrophil,3,neutrophil,3
TST01_TTCTACAGTAAGAGAG-skin,neutrophil,neutrophil,classical monocyte,club cell,classical monocyte,classical monocyte,club cell,vascular associated smooth muscle cell,classical monocyte,3,classical monocyte,3
TST01_AACGTTGTCGTCTGAA-skin,neutrophil,neutrophil,club cell,type II pneumocyte,classical monocyte,classical monocyte,club cell,dendritic cell,neutrophil,2,classical monocyte,2
TST01_CAGTCCTAGCGATTCT-skin,neutrophil,neutrophil,capillary endothelial cell,"CD4-positive, alpha-beta T cell","CD4-positive, alpha-beta T cell",classical monocyte,"CD4-positive, alpha-beta T cell",vein endothelial cell,"CD4-positive, alpha-beta T cell",3,"CD4-positive, alpha-beta T cell",3
TST01_CACATAGAGCGATATA-skin,neutrophil,neutrophil,classical monocyte,macrophage,non-classical monocyte,neutrophil,capillary endothelial cell,non-classical monocyte,neutrophil,3,neutrophil,3
TST01_AGGTCCGAGCTCCTCT-skin,neutrophil,neutrophil,capillary endothelial cell,macrophage,classical monocyte,classical monocyte,capillary endothelial cell,vein endothelial cell,capillary endothelial cell,2,capillary endothelial cell,2
TST01_GGCTCGAGTCGCTTTC-skin,dendritic cell,neutrophil,club cell,macrophage,classical monocyte,neutrophil,capillary endothelial cell,vein endothelial cell,neutrophil,2,neutrophil,2
TST01_TGTATTCTCCGAGCCA-skin,neutrophil,classical monocyte,capillary endothelial cell,vein endothelial cell,classical monocyte,classical monocyte,club cell,vein endothelial cell,classical monocyte,3,classical monocyte,3
TST01_GGTGTTACACCAACCG-skin,dendritic cell,neutrophil,capillary endothelial cell,macrophage,classical monocyte,classical monocyte,capillary endothelial cell,dendritic cell,capillary endothelial cell,2,capillary endothelial cell,2
TST01_GTTACAGAGAAAGTGG-skin,neutrophil,classical monocyte,classical monocyte,macrophage,non-classical monocyte,neutrophil,capillary endothelial cell,vein endothelial cell,neutrophil,2,classical monocyte,2
TST01_GTATTCTCATTGGGCC-skin,neutrophil,neutrophil,capillary endothelial cell,lung microvascular endothelial cell,non-classical monocyte,classical monocyte,classical monocyte,dendritic cell,neutrophil,2,classical monocyte,2
TST01_ACACCGGCAGTCAGAG-skin,dendritic cell,neutrophil,"CD4-positive, alpha-beta T cell",type II pneumocyte,"CD4-positive, alpha-beta T cell",neutrophil,club cell,dendritic cell,"CD4-positive, alpha-beta T cell",2,"CD4-positive, alpha-beta T cell",2
TST01_GTCACAACACAACGCC-skin,neutrophil,classical monocyte,capillary endothelial cell,macrophage,non-classical monocyte,classical monocyte,capillary endothelial cell,non-classical monocyte,capillary endothelial cell,2,capillary endothelial cell,2
TST01_TTCTCCTAGAGTACCG-skin,neutrophil,classical monocyte,capillary endothelial cell,lung ciliated cell,classical monocyte,classical monocyte,capillary endothelial cell,"CD4-positive, alpha-beta T cell",classical monocyte,3,classical monocyte,3
TST01_TCTGGAACATCGATGT-skin,neutrophil,classical monocyte,classical monocyte,lung microvascular endothelial cell,non-classical monocyte,classical monocyte,club cell,"CD4-positive, alpha-beta T cell",classical monocyte,3,classical monocyte,3
TST01_ATGTGTGCACGGTGTC-skin,neutrophil,classical monocyte,capillary endothelial cell,classical monocyte,classical monocyte,classical monocyte,"CD4-positive, alpha-beta T cell",non-classical monocyte,classical monocyte,4,classical monocyte,4
TST01_TGAGCATAGATAGGAG-skin,neutrophil,classical monocyte,capillary endothelial cell,plasma cell,classical monocyte,classical monocyte,plasma cell,dendritic cell,classical monocyte,3,classical monocyte,3
TST01_TGGCGCAGTCAATGTC-skin,neutrophil,classical monocyte,"CD4-positive, alpha-beta T cell",basophil,classical monocyte,classical monocyte,classical monocyte,"CD4-positive, alpha-beta T cell",classical monocyte,4,classical monocyte,4
TST01_TTAGGCAAGCACCGCT-skin,neutrophil,classical monocyte,capillary endothelial cell,dendritic cell,classical monocyte,neutrophil,club cell,"CD4-positive, alpha-beta T cell",neutrophil,2,classical monocyte,2
TST01_CGGTTAAGTAGGGTAC-skin,neutrophil,neutrophil,classical monocyte,lung microvascular endothelial cell,classical monocyte,neutrophil,club cell,fibroblast,neutrophil,3,neutrophil,3
TST01_AGAGCTTTCGGCTTGG-skin,neutrophil,classical monocyte,classical monocyte,non-classical monocyte,classical monocyte,classical monocyte,"CD4-positive, alpha-beta T cell",non-classical monocyte,classical monocyte,4,classical monocyte,4
TST01_GGAATAACAATCACAC-skin,neutrophil,classical monocyte,classical monocyte,plasma cell,non-classical monocyte,classical monocyte,plasma cell,non-classical monocyte,classical monocyte,3,classical monocyte,3
TST01_ATAGACCGTGTGAAAT-skin,neutrophil,classical monocyte,capillary endothelial cell,non-classical monocyte,"CD4-positive, alpha-beta T cell",classical monocyte,"CD4-positive, alpha-beta T cell","CD4-positive, alpha-beta T cell","CD4-positive, alpha-beta T cell",3,"CD4-positive, alpha-beta T cell",3
TST01_CAGCATACAGGTTTCA-skin,neutrophil,classical monocyte,classical monocyte,lung ciliated cell,non-classical monocyte,neutrophil,club cell,non-classical monocyte,neutrophil,2,classical monocyte,2
TST01_ACTGAGTCAACACGCC-skin,neutrophil,neutrophil,classical monocyte,non-classical monocyte,non-classical monocyte,neutrophil,"CD4-positive, alpha-beta T cell",non-classical monocyte,neutrophil,3,neutrophil,3
TST01_GATGAAAGTCTAACGT-skin,neutrophil,classical monocyte,classical monocyte,macrophage,dendritic cell,classical monocyte,capillary endothelial cell,non-classical monocyte,classical monocyte,3,classical monocyte,3
TST01_GTACTCCGTCTTGCGG-skin,neutrophil,neutrophil,classical monocyte,non-classical monocyte,non-classical monocyte,classical monocyte,"CD4-positive, alpha-beta T cell",dendritic cell,neutrophil,2,classical monocyte,2
TST01_CGATTGATCTTAGCCC-skin,neutrophil,neutrophil,capillary endothelial cell,non-classical monocyte,non-classical monocyte,classical monocyte,"CD4-positive, alpha-beta T cell",dendritic cell,neutrophil,2,neutrophil,2
TST01_TTAGGACCAATCTACG-skin,neutrophil,neutrophil,classical monocyte,macrophage,non-classical monocyte,neutrophil,capillary endothelial cell,non-classical monocyte,neutrophil,3,neutrophil,3
TST01_GGCTCGAAGGCGATAC-skin,neutrophil,classical monocyte,capillary endothelial cell,macrophage,non-classical monocyte,classical monocyte,capillary endothelial cell,non-classical monocyte,capillary endothelial cell,2,capillary endothelial cell,2
TST01_TGCGGGTTCCAGATCA-skin,neutrophil,classical monocyte,capillary endothelial cell,lung microvascular endothelial cell,classical monocyte,neutrophil,club cell,B cell,neutrophil,2,classical monocyte,2
TST01_CCCATACTCCTCCTAG-skin,neutrophil,classical monocyte,classical monocyte,macrophage,non-classical monocyte,classical monocyte,capillary endothelial cell,non-classical monocyte,classical monocyte,3,classical monocyte,3
TST01_ACAGCCGAGGGATGGG-skin,neutrophil,classical monocyte,classical monocyte,macrophage,non-classical monocyte,classical monocyte,capillary endothelial cell,non-classical monocyte,classical monocyte,3,classical monocyte,3
TST01_CTGATAGTCCGGGTGT-skin,dendritic cell,neutrophil,basal cell,basal cell,classical monocyte,neutrophil,basal cell,vein endothelial cell,basal cell,3,basal cell,3
TST01_TTGTAGGAGCTCTCGG-skin,dendritic cell,neutrophil,basal cell,basal cell,"CD4-positive, alpha-beta T cell","CD4-positive, alpha-beta T cell",plasma cell,"CD4-positive, alpha-beta T cell","CD4-positive, alpha-beta T cell",3,"CD4-positive, alpha-beta T cell",3
TST01_CCTTCGATCTTACCGC-skin,dendritic cell,macrophage,club cell,macrophage,classical monocyte,classical monocyte,capillary endothelial cell,non-classical monocyte,macrophage,2,classical monocyte,2
TST01_CGATCGGAGAGGGATA-skin,dendritic cell,non-classical monocyte,club cell,non-classical monocyte,classical monocyte,neutrophil,"CD4-positive, alpha-beta T cell","CD4-positive, alpha-beta T cell","CD4-positive, alpha-beta T cell",2,"CD4-positive, alpha-beta T cell",2
TST01_GATCAGTTCAAACCGT-skin,dendritic cell,non-classical monocyte,club cell,type II pneumocyte,classical monocyte,neutrophil,classical monocyte,intermediate monocyte,classical monocyte,2,classical monocyte,2
TST01_CCTACCACAGCTGTTA-skin,dendritic cell,macrophage,macrophage,classical monocyte,classical monocyte,neutrophil,"CD4-positive, alpha-beta T cell",non-classical monocyte,macrophage,2,classical monocyte,2
TST01_TCCCGATTCGAATGGG-skin,dendritic cell,macrophage,macrophage,plasma cell,classical monocyte,neutrophil,plasma cell,non-classical monocyte,plasma cell,2,macrophage,2
TST01_CAACTAGTCTTCGGTC-skin,dendritic cell,non-classical monocyte,macrophage,non-classical monocyte,non-classical monocyte,neutrophil,"CD4-positive, alpha-beta T cell",non-classical monocyte,non-classical monocyte,4,non-classical monocyte,4
TST01_CAACTAGTCGATGAGG-skin,dendritic cell,macrophage,club cell,macrophage,non-classical monocyte,neutrophil,capillary endothelial cell,vascular associated smooth muscle cell,macrophage,2,macrophage,2
TST01_GTTCGGGCAAGCGATG-skin,dendritic cell,neutrophil,basal cell,club cell,classical monocyte,classical monocyte,club cell,vein endothelial cell,club cell,2,classical monocyte,2
TST01_TGCGTGGCATGGGACA-skin,dendritic cell,neutrophil,club cell,plasma cell,non-classical monocyte,neutrophil,plasma cell,mature NK T cell,plasma cell,2,neutrophil,2
TST01_AACCATGTCTGCGGCA-skin,dendritic cell,classical monocyte,basal cell,plasma cell,"CD4-positive, alpha-beta T cell",neutrophil,plasma cell,vein endothelial cell,plasma cell,2,plasma cell,2
TST01_ACACCGGGTCTCATCC-skin,dendritic cell,neutrophil,basal cell,plasma cell,dendritic cell,"CD4-positive, alpha-beta T cell",plasma cell,dendritic cell,dendritic cell,3,dendritic cell,3
TST01_TCCACACGTGGGTATG-skin,dendritic cell,non-classical monocyte,macrophage,lung ciliated cell,classical monocyte,classical monocyte,capillary endothelial cell,non-classical monocyte,non-classical monocyte,2,classical monocyte,2
TST01_CTCGGAGGTCCCTACT-skin,dendritic cell,non-classical monocyte,macrophage,plasma cell,classical monocyte,neutrophil,plasma cell,non-classical monocyte,plasma cell,2,non-classical monocyte,2
TST01_GCAGCCAGTATAATGG-skin,dendritic cell,macrophage,club cell,lung ciliated cell,classical monocyte,neutrophil,capillary endothelial cell,dendritic cell,dendritic cell,2,dendritic cell,2
TST01_TGGCCAGAGGATCGCA-skin,dendritic cell,neutrophil,club cell,macrophage,classical monocyte,neutrophil,pericyte,dendritic cell,neutrophil,2,dendritic cell,2
TST01_ACTGAGTGTTACGTCA-skin,neutrophil,neutrophil,classical monocyte,macrophage,classical monocyte,classical monocyte,club cell,vein endothelial cell,classical monocyte,3,classical monocyte,3
TST01_GTGCAGCGTGGCGAAT-skin,dendritic cell,macrophage,macrophage,plasma cell,non-classical monocyte,classical monocyte,plasma cell,non-classical monocyte,plasma cell,2,macrophage,2
TST01_TCAGGTAAGAGAGCTC-skin,neutrophil,neutrophil,"CD4-positive, alpha-beta T cell",macrophage,classical monocyte,neutrophil,capillary endothelial cell,dendritic cell,neutrophil,3,neutrophil,3
TST01_ACGGGTCCACGTCAGC-skin,dendritic cell,neutrophil,basal cell,type II pneumocyte,vein endothelial cell,neutrophil,capillary endothelial cell,dendritic cell,neutrophil,2,dendritic cell,2
TST01_AGGTCCGCAATCTACG-skin,dendritic cell,neutrophil,basal cell,plasma cell,classical monocyte,classical monocyte,plasma cell,dendritic cell,plasma cell,2,classical monocyte,2
TST01_CTGTTTAAGAAGGACA-skin,dendritic cell,neutrophil,classical monocyte,plasma cell,classical monocyte,neutrophil,plasma cell,mature NK T cell,plasma cell,2,classical monocyte,2
TST01_GTAACGTGTCCAACTA-skin,dendritic cell,neutrophil,classical monocyte,"CD4-positive, alpha-beta T cell",classical monocyte,neutrophil,"CD4-positive, alpha-beta T cell",dendritic cell,"CD4-positive, alpha-beta T cell",2,"CD4-positive, alpha-beta T cell",2
TST01_CATATGGAGATGTGGC-skin,neutrophil,macrophage,club cell,basal cell,non-classical monocyte,neutrophil,endothelial cell of lymphatic vessel,non-classical monocyte,neutrophil,2,neutrophil,2
TST01_AAACCTGAGCGTGTCC-skin,dendritic cell,neutrophil,club cell,type II pneumocyte,classical monocyte,classical monocyte,capillary endothelial cell,vein endothelial cell,classical monocyte,2,classical monocyte,2
TST01_GTCTCGTGTCATATCG-skin,neutrophil,neutrophil,basal cell,classical monocyte,dendritic cell,neutrophil,"CD4-positive, alpha-beta T cell",dendritic cell,neutrophil,3,neutrophil,3
TST01_AGCGTATGTCATGCCG-skin,neutrophil,classical monocyte,basal cell,basal cell,basal cell,neutrophil,basal cell,intermediate monocyte,basal cell,4,basal cell,4
TST01_CGTCACTAGTGGGATC-skin,neutrophil,macrophage,classical monocyte,lung ciliated cell,dendritic cell,classical monocyte,"CD4-positive, alpha-beta T cell",dendritic cell,dendritic cell,2,classical monocyte,2
TST01_GTGGGTCCATACGCCG-skin,dendritic cell,macrophage,classical monocyte,lung ciliated cell,non-classical monocyte,neutrophil,capillary endothelial cell,non-classical monocyte,non-classical monocyte,2,non-classical monocyte,2
TST01_AAGGTTCAGGACCACA-skin,dendritic cell,macrophage,macrophage,non-classical monocyte,non-classical monocyte,classical monocyte,"CD4-positive, alpha-beta T cell",non-classical monocyte,non-classical monocyte,3,non-classical monocyte,3
TST01_CTCGAAAAGTGGTAGC-skin,dendritic cell,neutrophil,classical monocyte,plasma cell,classical monocyte,neutrophil,plasma cell,"CD4-positive, alpha-beta T cell",plasma cell,2,classical monocyte,2
TST01_ATGTGTGTCACAGTAC-skin,neutrophil,classical monocyte,basal cell,"CD4-positive, alpha-beta T cell",dendritic cell,classical monocyte,"CD4-positive, alpha-beta T cell",dendritic cell,"CD4-positive, alpha-beta T cell",2,"CD4-positive, alpha-beta T cell",2
TST01_ATTACTCAGATCTGCT-skin,neutrophil,neutrophil,capillary endothelial cell,lung ciliated cell,B cell,classical monocyte,capillary endothelial cell,vein endothelial cell,capillary endothelial cell,2,capillary endothelial cell,2
TST01_CGTGTAACATATGGTC-skin,dendritic cell,neutrophil,classical monocyte,non-classical monocyte,classical monocyte,neutrophil,"CD4-positive, alpha-beta T cell",classical monocyte,classical monocyte,3,classical monocyte,3
TST01_CATCGGGCACTCTGTC-skin,dendritic cell,neutrophil,capillary endothelial cell,lung ciliated cell,classical monocyte,classical monocyte,plasma cell,basal cell,classical monocyte,2,classical monocyte,2
TST01_TGGTTCCAGGGTGTGT-skin,dendritic cell,macrophage,classical monocyte,plasma cell,classical monocyte,neutrophil,plasma cell,non-classical monocyte,plasma cell,2,classical monocyte,2
TST01_CCCAATCGTGGTCCGT-skin,dendritic cell,macrophage,club cell,macrophage,non-classical monocyte,neutrophil,capillary endothelial cell,non-classical monocyte,non-classical monocyte,2,macrophage,2
TST01_TCTCTAAAGCTGCAAG-skin,dendritic cell,macrophage,classical monocyte,macrophage,non-classical monocyte,neutrophil,capillary endothelial cell,non-classical monocyte,non-classical monocyte,2,macrophage,2
TST01_CCCAGTTCAGTTCATG-skin,neutrophil,neutrophil,capillary endothelial cell,macrophage,classical monocyte,classical monocyte,capillary endothelial cell,dendritic cell,capillary endothelial cell,2,capillary endothelial cell,2
TST01_CCGTGGAGTCTCCCTA-skin,dendritic cell,macrophage,club cell,macrophage,non-classical monocyte,neutrophil,capillary endothelial cell,non-classical monocyte,non-classical monocyte,2,macrophage,2
TST01_GTCACAACAGGTGGAT-skin,dendritic cell,macrophage,classical monocyte,plasma cell,classical monocyte,neutrophil,plasma cell,mature NK T cell,plasma cell,2,classical monocyte,2
